trait,facebook_avg_mae,pan15_avg_mae,full_avg_mae,facebook_avg_rmse,pan15_avg_rmse,facebook_avg_mse,pan15_avg_mse,full_avg_mse
OPN,0.11565644420971946,0.10355359705131284,0.10811751179638633,0.14724541280932982,0.1254602168394146,0.34787869085284323,0.25220501153081587,0.2882326649057514
CON,0.1486376495028299,0.11236000121719722,0.12601135462780177,0.18782314242323367,0.14024404873799376,0.5804066613561849,0.3163547013313338,0.4156307381968989
EXT,0.17927299988421183,0.11536325740263798,0.1395339824862824,0.21774466322894312,0.14816615435950556,0.7708265675564882,0.3527788754842186,0.5108999227022774
AGR,0.1283207569621858,0.11370125332121121,0.11918075661731815,0.1596215193183194,0.148037948263243,0.41403520145298467,0.3520206933818971,0.37518769085961545
NEU,0.1625293962453093,0.17005401394144354,0.16721491632360602,0.19870740669804374,0.20564299984257292,0.6383733175519385,0.6854902599028181,0.6677999606312743
